Date,Traffic_Source,Visitors,Conversion_Rate
2024-01-01,Organic Search,3200,3.8
2024-01-02,Direct,2100,2.9
2024-01-03,Referral,1500,1.5
2024-01-04,Social,1800,2.1
2024-01-05,Paid Search,1200,4.5
2024-01-06,Organic Search,3300,3.9
2024-01-07,Direct,2200,3.0
2024-01-08,Referral,1600,1.6
2024-01-09,Social,1900,2.2
2024-01-10,Paid Search,1300,4.6
2024-01-11,Organic Search,3400,4.0
2024-01-12,Direct,2300,3.1
2024-01-13,Referral,1700,1.7
2024-01-14,Social,2000,2.3
2024-01-15,Paid Search,1400,4.7
2024-01-16,Organic Search,3500,4.1
2024-01-17,Direct,2400,3.2
2024-01-18,Referral,1800,1.8
2024-01-19,Social,2100,2.4
2024-01-20,Paid Search,1500,4.8
2024-01-21,Organic Search,3600,4.2
2024-01-22,Direct,2500,3.3
2024-01-23,Referral,1900,1.9
2024-01-24,Social,2200,2.5
2024-01-25,Paid Search,1600,4.9
2024-01-26,Organic Search,3700,4.3
2024-01-27,Direct,2600,3.4
2024-01-28,Referral,2000,2.0
2024-01-29,Social,2300,2.6
2024-01-30,Paid Search,1700,5.0
